,郵便番号,full_name
0,9000000,沖縄県那覇市以下に掲載がない場合
1,9010154,沖縄県那覇市赤嶺
2,9000002,沖縄県那覇市曙
3,9020067,沖縄県那覇市安里
4,9000029,沖縄県那覇市旭町
5,9010143,沖縄県那覇市安次嶺
6,9000003,沖縄県那覇市安謝
7,9000005,沖縄県那覇市天久
8,9000021,沖縄県那覇市泉崎
9,9000011,沖縄県那覇市上之屋
10,9010153,沖縄県那覇市宇栄原
11,9020073,沖縄県那覇市上間
12,9000026,沖縄県那覇市奥武山町
13,9010148,沖縄県那覇市大嶺
14,9000006,沖縄県那覇市おもろまち
15,9010152,沖縄県那覇市小禄
16,9010142,沖縄県那覇市鏡水
17,9000028,沖縄県那覇市垣花町
18,9010155,沖縄県那覇市金城
19,9010151,沖縄県那覇市鏡原町
20,9010146,沖縄県那覇市具志
21,9000033,沖縄県那覇市久米
22,9000015,沖縄県那覇市久茂地
23,9020075,沖縄県那覇市国場
24,9000024,沖縄県那覇市古波蔵
25,9020078,沖縄県那覇市識名
26,9030813,沖縄県那覇市首里赤田町
27,9030811,沖縄県那覇市首里赤平町
28,9030824,沖縄県那覇市首里池端町
29,9030804,沖縄県那覇市首里石嶺町
30,9030823,沖縄県那覇市首里大中町
31,9030802,沖縄県那覇市首里大名町
32,9030815,沖縄県那覇市首里金城町
33,9030821,沖縄県那覇市首里儀保町
34,9030807,沖縄県那覇市首里久場川町
35,9030814,沖縄県那覇市首里崎山町
36,9030826,沖縄県那覇市首里寒川町
37,9030801,沖縄県那覇市首里末吉町
38,9030803,沖縄県那覇市首里平良町
39,9030806,沖縄県那覇市首里汀良町
40,9030812,沖縄県那覇市首里当蔵町
41,9030822,沖縄県那覇市首里桃原町
42,9030805,沖縄県那覇市首里鳥堀町
43,9030816,沖縄県那覇市首里真和志町
44,9030825,沖縄県那覇市首里山川町
45,9010141,沖縄県那覇市住吉町
46,9000023,沖縄県那覇市楚辺
47,9020066,沖縄県那覇市大道
48,9010145,沖縄県那覇市高良
49,9010156,沖縄県那覇市田原
50,9000037,沖縄県那覇市辻
51,9000025,沖縄県那覇市壺川
52,9020065,沖縄県那覇市壺屋
53,9010144,沖縄県那覇市当間
54,9000012,沖縄県那覇市泊
55,9000035,沖縄県那覇市通堂町
56,9020074,沖縄県那覇市仲井真
57,9020077,沖縄県那覇市長田
58,9000036,沖縄県那覇市西
59,9020071,沖縄県那覇市繁多川
60,9000034,沖縄県那覇市東町
61,9000022,沖縄県那覇市樋川
62,9020061,沖縄県那覇市古島
63,9020072,沖縄県那覇市真地
64,9000016,沖縄県那覇市前島
65,9020068,沖縄県那覇市真嘉比
66,9000013,沖縄県那覇市牧志
67,9000014,沖縄県那覇市松尾
68,9020062,沖縄県那覇市松川
69,9020069,沖縄県那覇市松島
70,9000032,沖縄県那覇市松山
71,9000001,沖縄県那覇市港町
72,9020063,沖縄県那覇市三原
73,9010147,沖縄県那覇市宮城
74,9000004,沖縄県那覇市銘苅
75,9000027,沖縄県那覇市山下町
76,9020076,沖縄県那覇市与儀
77,9020064,沖縄県那覇市寄宮
78,9000031,沖縄県那覇市若狭
79,9012200,沖縄県宜野湾市以下に掲載がない場合
80,9012206,沖縄県宜野湾市愛知
81,9012205,沖縄県宜野湾市赤道
82,9012201,沖縄県宜野湾市新城
83,9012221,沖縄県宜野湾市伊佐
84,9012204,沖縄県宜野湾市上原
85,9012227,沖縄県宜野湾市宇地泊
86,9012225,沖縄県宜野湾市大謝名
87,9012223,沖縄県宜野湾市大山
88,9012226,沖縄県宜野湾市嘉数
89,9012214,沖縄県宜野湾市我如古
90,9012207,沖縄県宜野湾市神山
91,9012211,沖縄県宜野湾市宜野湾
92,9012222,沖縄県宜野湾市喜友名
93,9012216,沖縄県宜野湾市佐真下
94,9012213,沖縄県宜野湾市志真志
95,9012212,沖縄県宜野湾市長田
96,9012203,沖縄県宜野湾市野嵩
97,9012202,沖縄県宜野湾市普天間
98,9012215,沖縄県宜野湾市真栄原
99,9012224,沖縄県宜野湾市真志喜
100,9070000,沖縄県石垣市以下に掲載がない場合
101,9070024,沖縄県石垣市新川
102,9070023,沖縄県石垣市石垣
103,9070332,沖縄県石垣市伊原間
104,9070022,沖縄県石垣市大川
105,9070001,沖縄県石垣市大浜
106,9070453,沖縄県石垣市川平
107,9070452,沖縄県石垣市崎枝
108,9070242,沖縄県石垣市白保
109,9070014,沖縄県石垣市新栄町
110,9070241,沖縄県石垣市桃里
111,9070004,沖縄県石垣市登野城
112,9070031,沖縄県石垣市登野城尖閣
113,9070021,沖縄県石垣市名蔵
114,9070333,沖縄県石垣市野底
115,9070015,沖縄県石垣市南ぬ浜町
116,9070013,沖縄県石垣市浜崎町
117,9070003,沖縄県石垣市平得
118,9070331,沖縄県石垣市平久保
119,9070451,沖縄県石垣市桴海
120,9070002,沖縄県石垣市真栄里
121,9070012,沖縄県石垣市美崎町
122,9070243,沖縄県石垣市宮良
123,9070244,沖縄県石垣市盛山
124,9070011,沖縄県石垣市八島町
125,9012100,沖縄県浦添市以下に掲載がない場合
126,9012114,沖縄県浦添市安波茶
127,9012132,沖縄県浦添市伊祖
128,9012128,沖縄県浦添市伊奈武瀬
129,9012123,沖縄県浦添市西洲
130,9012121,沖縄県浦添市内間
131,9012113,沖縄県浦添市大平
132,9012111,沖縄県浦添市経塚
133,9012133,沖縄県浦添市城間
134,9012124,沖縄県浦添市小湾
135,9012122,沖縄県浦添市勢理客
136,9012112,沖縄県浦添市沢岻
137,9012104,沖縄県浦添市当山
138,9012103,沖縄県浦添市仲間
139,9012125,沖縄県浦添市仲西
140,9012101,沖縄県浦添市西原
141,9012102,沖縄県浦添市前田
142,9012131,沖縄県浦添市牧港
143,9012134,沖縄県浦添市港川
144,9012126,沖縄県浦添市宮城
145,9012127,沖縄県浦添市屋富祖
146,9050000,沖縄県名護市以下に掲載がない場合
147,9050021,沖縄県名護市東江
148,9050003,沖縄県名護市旭川
149,9052263,沖縄県名護市安部
150,9050001,沖縄県名護市安和
151,9051152,沖縄県名護市伊差川
152,9051142,沖縄県名護市稲嶺
153,9050006,沖縄県名護市宇茂佐
154,9050009,沖縄県名護市宇茂佐の森
155,9051634,沖縄県名護市運天原
156,9052267,沖縄県名護市大浦
157,9052268,沖縄県名護市大川
158,9050019,沖縄県名護市大北
159,9050017,沖縄県名護市大中
160,9050018,沖縄県名護市大西
161,9050016,沖縄県名護市大東
162,9050015,沖縄県名護市大南
163,9051146,沖縄県名護市親川
164,9050002,沖縄県名護市勝山
165,9051633,沖縄県名護市我部
166,9051155,沖縄県名護市我部祖河
167,9052262,沖縄県名護市嘉陽
168,9051145,沖縄県名護市川上
169,9050026,沖縄県名護市喜瀬
170,9050024,沖縄県名護市許田
171,9052173,沖縄県名護市久志
172,9050013,沖縄県名護市城
173,9051141,沖縄県名護市源河
174,9050025,沖縄県名護市幸喜
175,9051154,沖縄県名護市呉我
176,9051156,沖縄県名護市古我知
177,9050023,沖縄県名護市数久田
178,9051635,沖縄県名護市済井出
179,9052266,沖縄県名護市瀬嵩
180,9051147,沖縄県名護市田井等
181,9052265,沖縄県名護市汀間
182,9052261,沖縄県名護市天仁屋
183,9052172,沖縄県名護市豊原
184,9051153,沖縄県名護市仲尾
185,9051144,沖縄県名護市仲尾次
186,9050004,沖縄県名護市中山
187,9050012,沖縄県名護市名護
188,9050005,沖縄県名護市為又
189,9052269,沖縄県名護市二見
190,9051151,沖縄県名護市振慶名
191,9052171,沖縄県名護市辺野古
192,9051143,沖縄県名護市真喜屋
193,9050014,沖縄県名護市港
194,9052264,沖縄県名護市三原
195,9050011,沖縄県名護市宮里
196,9051631,沖縄県名護市屋我
197,9050007,沖縄県名護市屋部
198,9050008,沖縄県名護市山入端
199,9050022,沖縄県名護市世冨慶
200,9051632,沖縄県名護市饒平名
201,9010300,沖縄県糸満市以下に掲載がない場合
202,9010301,沖縄県糸満市阿波根
203,9010323,沖縄県糸満市新垣
204,9010363,沖縄県糸満市伊敷
205,9010342,沖縄県糸満市糸洲
206,9010361,沖縄県糸満市糸満
207,9010344,沖縄県糸満市伊原
208,9010332,沖縄県糸満市宇江城
209,9010325,沖縄県糸満市大里
210,9010334,沖縄県糸満市大度
211,9010313,沖縄県糸満市賀数
212,9010303,沖縄県糸満市兼城
213,9010312,沖縄県糸満市北波平
214,9010354,沖縄県糸満市喜屋武
215,9010324,沖縄県糸満市国吉
216,9010341,沖縄県糸満市小波蔵
217,9010335,沖縄県糸満市米須
218,9010314,沖縄県糸満市座波
219,9010364,沖縄県糸満市潮崎町
220,9010302,沖縄県糸満市潮平
221,9010311,沖縄県糸満市武富
222,9010353,沖縄県糸満市束里
223,9010315,沖縄県糸満市照屋
224,9010321,沖縄県糸満市豊原
225,9010351,沖縄県糸満市名城
226,9010304,沖縄県糸満市西川町
227,9010305,沖縄県糸満市西崎
228,9010306,沖縄県糸満市西崎町
229,9010345,沖縄県糸満市福地
230,9010362,沖縄県糸満市真栄里
231,9010331,沖縄県糸満市真栄平
232,9010336,沖縄県糸満市真壁
233,9010333,沖縄県糸満市摩文仁
234,9010343,沖縄県糸満市南波平
235,9010352,沖縄県糸満市山城
236,9010322,沖縄県糸満市与座
237,9040000,沖縄県沖縄市以下に掲載がない場合
238,9042152,沖縄県沖縄市明道
239,9040012,沖縄県沖縄市安慶田
240,9042172,沖縄県沖縄市泡瀬
241,9042141,沖縄県沖縄市池原
242,9040031,沖縄県沖縄市上地
243,9042163,沖縄県沖縄市大里
244,9042162,沖縄県沖縄市海邦
245,9042162,沖縄県沖縄市海邦町
246,9040005,沖縄県沖縄市嘉間良
247,9040023,沖縄県沖縄市久保田
248,9042145,沖縄県沖縄市倉敷
249,9042161,沖縄県沖縄市古謝
250,9042166,沖縄県沖縄市古謝津嘉山町
251,9040001,沖縄県沖縄市越来
252,9040021,沖縄県沖縄市胡屋
253,9042175,沖縄県沖縄市潮乃森
254,9042144,沖縄県沖縄市白川
255,9040002,沖縄県沖縄市城前町
256,9040003,沖縄県沖縄市住吉
257,9040022,沖縄県沖縄市園田
258,9042171,沖縄県沖縄市高原
259,9042143,沖縄県沖縄市知花
260,9040004,沖縄県沖縄市中央
261,9040011,沖縄県沖縄市照屋
262,9042164,沖縄県沖縄市桃原
263,9040014,沖縄県沖縄市仲宗根町
264,9042142,沖縄県沖縄市登川
265,9042154,沖縄県沖縄市東
266,9042173,沖縄県沖縄市比屋根
267,9042151,沖縄県沖縄市松本
268,9042153,沖縄県沖縄市美里
269,9042156,沖縄県沖縄市美里仲原町
270,9040035,沖縄県沖縄市南桃原
271,9042155,沖縄県沖縄市美原
272,9042165,沖縄県沖縄市宮里
273,9040013,沖縄県沖縄市室川
274,9040032,沖縄県沖縄市諸見里
275,9040006,沖縄県沖縄市八重島
276,9040034,沖縄県沖縄市山内
277,9040033,沖縄県沖縄市山里
278,9042174,沖縄県沖縄市与儀
279,9010200,沖縄県豊見城市以下に掲載がない場合
280,9010232,沖縄県豊見城市伊良波
281,9010243,沖縄県豊見城市上田
282,9010223,沖縄県豊見城市翁長
283,9010202,沖縄県豊見城市嘉数
284,9010231,沖縄県豊見城市我那覇
285,9010204,沖縄県豊見城市金良
286,9010244,沖縄県豊見城市宜保
287,9010221,沖縄県豊見城市座安
288,9010233,沖縄県豊見城市瀬長
289,9010212,沖縄県豊見城市平良
290,9010213,沖縄県豊見城市高嶺
291,9010242,沖縄県豊見城市高安
292,9010234,沖縄県豊見城市田頭
293,9010215,沖縄県豊見城市渡嘉敷
294,9010222,沖縄県豊見城市渡橋名
295,9010241,沖縄県豊見城市豊見城
296,9010225,沖縄県豊見城市豊崎
297,9010235,沖縄県豊見城市名嘉地
298,9010203,沖縄県豊見城市長堂
299,9010205,沖縄県豊見城市根差部
300,9010211,沖縄県豊見城市饒波
301,9010214,沖縄県豊見城市保栄茂
302,9010201,沖縄県豊見城市真玉橋
303,9010224,沖縄県豊見城市与根
304,9042200,沖縄県うるま市以下に掲載がない場合
305,9042212,沖縄県うるま市赤野
306,9042245,沖縄県うるま市赤道
307,9042214,沖縄県うるま市安慶名
308,9041106,沖縄県うるま市石川
309,9041103,沖縄県うるま市石川赤崎
310,9041102,沖縄県うるま市石川東山
311,9041101,沖縄県うるま市石川東山本町
312,9041107,沖縄県うるま市石川曙
313,9041104,沖縄県うるま市石川石崎
314,9041115,沖縄県うるま市石川伊波
315,9041114,沖縄県うるま市石川嘉手苅
316,9041105,沖縄県うるま市石川白浜
317,9041112,沖縄県うるま市石川楚南
318,9041111,沖縄県うるま市石川東恩納
319,9041108,沖縄県うるま市石川東恩納崎
320,9041113,沖縄県うるま市石川山城
321,9042204,沖縄県うるま市西原
322,9042222,沖縄県うるま市上江洲
323,9042211,沖縄県うるま市宇堅
324,9042244,沖縄県うるま市江洲
325,9042205,沖縄県うるま市栄野比
326,9042224,沖縄県うるま市大田
327,9042313,沖縄県うるま市勝連内間
328,9042317,沖縄県うるま市勝連津堅
329,9042311,沖縄県うるま市勝連南風原
330,9042315,沖縄県うるま市勝連浜
331,9042316,沖縄県うるま市勝連比嘉
332,9042314,沖縄県うるま市勝連平敷屋
333,9042312,沖縄県うるま市勝連平安名
334,9042241,沖縄県うるま市兼箇段
335,9042203,沖縄県うるま市川崎
336,9042232,沖縄県うるま市川田
337,9042236,沖縄県うるま市喜仲
338,9042225,沖縄県うるま市喜屋武
339,9042223,沖縄県うるま市具志川
340,9042201,沖縄県うるま市昆布
341,9042231,沖縄県うるま市塩屋
342,9042234,沖縄県うるま市州崎
343,9042221,沖縄県うるま市平良川
344,9042242,沖縄県うるま市高江洲
345,9042213,沖縄県うるま市田場
346,9042202,沖縄県うるま市天願
347,9042233,沖縄県うるま市豊原
348,9042226,沖縄県うるま市仲嶺
349,9042235,沖縄県うるま市前原
350,9042215,沖縄県うるま市みどり町
351,9042243,沖縄県うるま市宮里
352,9042303,沖縄県うるま市与那城
353,9042306,沖縄県うるま市与那城安勢理
354,9042421,沖縄県うるま市与那城伊計
355,9042422,沖縄県うるま市与那城池味
356,9042424,沖縄県うるま市与那城上原
357,9042305,沖縄県うるま市与那城中央
358,9042301,沖縄県うるま市与那城照間
359,9042425,沖縄県うるま市与那城桃原
360,9042302,沖縄県うるま市与那城西原
361,9042307,沖縄県うるま市与那城饒辺
362,9042428,沖縄県うるま市与那城平宮
363,9042426,沖縄県うるま市与那城平安座
364,9042423,沖縄県うるま市与那城宮城
365,9042304,沖縄県うるま市与那城屋慶名
366,9042427,沖縄県うるま市与那城屋平
367,9060000,沖縄県宮古島市以下に掲載がない場合
368,9060502,沖縄県宮古島市伊良部池間添
369,9060503,沖縄県宮古島市伊良部伊良部
370,9060505,沖縄県宮古島市伊良部国仲
371,9060507,沖縄県宮古島市伊良部佐和田
372,9060504,沖縄県宮古島市伊良部仲地
373,9060506,沖縄県宮古島市伊良部長浜
374,9060501,沖縄県宮古島市伊良部前里添
375,9060204,沖縄県宮古島市上野上野
376,9060202,沖縄県宮古島市上野新里
377,9060201,沖縄県宮古島市上野野原
378,9060203,沖縄県宮古島市上野宮国
379,9060102,沖縄県宮古島市城辺新城
380,9060108,沖縄県宮古島市城辺砂川
381,9060109,沖縄県宮古島市城辺下里添
382,9060107,沖縄県宮古島市城辺友利
383,9060105,沖縄県宮古島市城辺長間
384,9060106,沖縄県宮古島市城辺西里添
385,9060104,沖縄県宮古島市城辺比嘉
386,9060103,沖縄県宮古島市城辺福里
387,9060101,沖縄県宮古島市城辺保良
388,9060304,沖縄県宮古島市下地上地
389,9060302,沖縄県宮古島市下地嘉手苅
390,9060301,沖縄県宮古島市下地川満
391,9060306,沖縄県宮古島市下地来間
392,9060303,沖縄県宮古島市下地洲鎌
393,9060305,沖縄県宮古島市下地与那覇
394,9060421,沖縄県宮古島市平良池間
395,9060004,沖縄県宮古島市平良大浦
396,9060001,沖縄県宮古島市平良大神
397,9060002,沖縄県宮古島市平良狩俣
398,9060015,沖縄県宮古島市平良久貝
399,9060003,沖縄県宮古島市平良島尻
400,9060013,沖縄県宮古島市平良下里
401,9060008,沖縄県宮古島市平良荷川取
402,9060012,沖縄県宮古島市平良西里
403,9060006,沖縄県宮古島市平良西仲宗根
404,9060005,沖縄県宮古島市平良西原
405,9060007,沖縄県宮古島市平良東仲宗根
406,9060011,沖縄県宮古島市平良東仲宗根添
407,9060422,沖縄県宮古島市平良前里
408,9060014,沖縄県宮古島市平良松原
409,9011400,沖縄県南城市以下に掲載がない場合
410,9011204,沖縄県南城市大里稲嶺
411,9011202,沖縄県南城市大里大里
412,9011203,沖縄県南城市大里大城
413,9011208,沖縄県南城市大里平良
414,9011205,沖縄県南城市大里高平
415,9011206,沖縄県南城市大里仲間
416,9011207,沖縄県南城市大里古堅
417,9011201,沖縄県南城市大里嶺井
418,9011401,沖縄県南城市佐敷伊原
419,9011413,沖縄県南城市佐敷小谷
420,9011411,沖縄県南城市佐敷兼久
421,9011403,沖縄県南城市佐敷佐敷
422,9011415,沖縄県南城市佐敷新開
423,9011412,沖縄県南城市佐敷新里
424,9011414,沖縄県南城市佐敷津波古
425,9011402,沖縄県南城市佐敷手登根
426,9011405,沖縄県南城市佐敷仲伊保
427,9011404,沖縄県南城市佐敷冨祖崎
428,9011406,沖縄県南城市佐敷屋比久
429,9010617,沖縄県南城市玉城愛地
430,9010606,沖縄県南城市玉城糸数
431,9010614,沖縄県南城市玉城奥武
432,9010608,沖縄県南城市玉城親慶原
433,9010601,沖縄県南城市玉城垣花
434,9010607,沖縄県南城市玉城喜良原
435,9010613,沖縄県南城市玉城志堅原
436,9010604,沖縄県南城市玉城玉城
437,9010612,沖縄県南城市玉城當山
438,9010605,沖縄県南城市玉城中山
439,9010602,沖縄県南城市玉城仲村渠
440,9010603,沖縄県南城市玉城百名
441,9010611,沖縄県南城市玉城富里
442,9010618,沖縄県南城市玉城船越
443,9010615,沖縄県南城市玉城堀川
444,9010616,沖縄県南城市玉城前川
445,9010619,沖縄県南城市玉城屋嘉部
446,9011502,沖縄県南城市知念安座真
447,9011504,沖縄県南城市知念海野
448,9011514,沖縄県南城市知念具志堅
449,9011501,沖縄県南城市知念久高
450,9011511,沖縄県南城市知念久手堅
451,9011505,沖縄県南城市知念久原
452,9011516,沖縄県南城市知念志喜屋
453,9011503,沖縄県南城市知念知名
454,9011513,沖縄県南城市知念知念
455,9011515,沖縄県南城市知念山里
456,9011512,沖縄県南城市知念吉富
457,9011407,沖縄県南城市つきしろ
458,9051400,沖縄県国頭郡国頭村以下に掲載がない場合
459,9051503,沖縄県国頭郡国頭村安田
460,9051504,沖縄県国頭郡国頭村安波
461,9051428,沖縄県国頭郡国頭村伊地
462,9051423,沖縄県国頭郡国頭村宇嘉
463,9051429,沖縄県国頭郡国頭村宇良
464,9051501,沖縄県国頭郡国頭村奥
465,9051412,沖縄県国頭郡国頭村奥間
466,9051416,沖縄県国頭郡国頭村鏡地
467,9051422,沖縄県国頭郡国頭村宜名真
468,9051425,沖縄県国頭郡国頭村佐手
469,9051426,沖縄県国頭郡国頭村謝敷
470,9051502,沖縄県国頭郡国頭村楚洲
471,9051417,沖縄県国頭郡国頭村桃原
472,9051415,沖縄県国頭郡国頭村浜
473,9051414,沖縄県国頭郡国頭村半地
474,9051413,沖縄県国頭郡国頭村比地
475,9051421,沖縄県国頭郡国頭村辺戸
476,9051424,沖縄県国頭郡国頭村辺野喜
477,9051411,沖縄県国頭郡国頭村辺土名
478,9051427,沖縄県国頭郡国頭村与那
479,9051300,沖縄県国頭郡大宜味村以下に掲載がない場合
480,9051308,沖縄県国頭郡大宜味村上原
481,9051317,沖縄県国頭郡大宜味村江洲
482,9051305,沖縄県国頭郡大宜味村大兼久
483,9051306,沖縄県国頭郡大宜味村大宜味
484,9051313,沖縄県国頭郡大宜味村押川
485,9051303,沖縄県国頭郡大宜味村喜如嘉
486,9051311,沖縄県国頭郡大宜味村塩屋
487,9051302,沖縄県国頭郡大宜味村謝名城
488,9051316,沖縄県国頭郡大宜味村白浜
489,9051315,沖縄県国頭郡大宜味村大保
490,9051301,沖縄県国頭郡大宜味村田嘉里
491,9051314,沖縄県国頭郡大宜味村田港
492,9051318,沖縄県国頭郡大宜味村津波
493,9051304,沖縄県国頭郡大宜味村饒波
494,9051307,沖縄県国頭郡大宜味村根路銘
495,9051319,沖縄県国頭郡大宜味村宮城
496,9051312,沖縄県国頭郡大宜味村屋古
497,9051200,沖縄県国頭郡東村以下に掲載がない場合
498,9051206,沖縄県国頭郡東村有銘
499,9051203,沖縄県国頭郡東村川田
500,9051205,沖縄県国頭郡東村慶佐次
501,9051204,沖縄県国頭郡東村平良
502,9051201,沖縄県国頭郡東村高江
503,9051202,沖縄県国頭郡東村宮城
504,9050400,沖縄県国頭郡今帰仁村以下に掲載がない場合
505,9050411,沖縄県国頭郡今帰仁村天底
506,9050428,沖縄県国頭郡今帰仁村今泊
507,9050403,沖縄県国頭郡今帰仁村運天
508,9050427,沖縄県国頭郡今帰仁村兼次
509,9050404,沖縄県国頭郡今帰仁村上運天
510,9050406,沖縄県国頭郡今帰仁村古宇利
511,9050421,沖縄県国頭郡今帰仁村越地
512,9050413,沖縄県国頭郡今帰仁村呉我山
513,9050422,沖縄県国頭郡今帰仁村崎山
514,9050414,沖縄県国頭郡今帰仁村謝名
515,9050426,沖縄県国頭郡今帰仁村諸志
516,9050405,沖縄県国頭郡今帰仁村勢理客
517,9050415,沖縄県国頭郡今帰仁村玉城
518,9050402,沖縄県国頭郡今帰仁村渡喜仁
519,9050424,沖縄県国頭郡今帰仁村仲尾次
520,9050401,沖縄県国頭郡今帰仁村仲宗根
521,9050423,沖縄県国頭郡今帰仁村平敷
522,9050425,沖縄県国頭郡今帰仁村与那嶺
523,9050412,沖縄県国頭郡今帰仁村湧川
524,9050200,沖縄県国頭郡本部町以下に掲載がない場合
525,9050206,沖縄県国頭郡本部町石川
526,9050221,沖縄県国頭郡本部町伊豆味
527,9050228,沖縄県国頭郡本部町伊野波
528,9050229,沖縄県国頭郡本部町大堂
529,9050217,沖縄県国頭郡本部町浦崎
530,9050223,沖縄県国頭郡本部町大嘉陽
531,9050212,沖縄県国頭郡本部町大浜
532,9050202,沖縄県国頭郡本部町嘉津宇
533,9050209,沖縄県国頭郡本部町北里
534,9050201,沖縄県国頭郡本部町具志堅
535,9050226,沖縄県国頭郡本部町健堅
536,9050225,沖縄県国頭郡本部町崎本部
537,9050203,沖縄県国頭郡本部町謝花
538,9050208,沖縄県国頭郡本部町新里
539,9050227,沖縄県国頭郡本部町瀬底
540,9050213,沖縄県国頭郡本部町谷茶
541,9050214,沖縄県国頭郡本部町渡久地
542,9050204,沖縄県国頭郡本部町豊原
543,9050222,沖縄県国頭郡本部町並里
544,9050215,沖縄県国頭郡本部町野原
545,9050216,沖縄県国頭郡本部町浜元
546,9050211,沖縄県国頭郡本部町東
547,9050207,沖縄県国頭郡本部町備瀬
548,9050218,沖縄県国頭郡本部町古島
549,9050224,沖縄県国頭郡本部町辺名地
550,9050205,沖縄県国頭郡本部町山川
551,9050219,沖縄県国頭郡本部町山里
552,9040400,沖縄県国頭郡恩納村以下に掲載がない場合
553,9040402,沖縄県国頭郡恩納村安富祖
554,9040411,沖縄県国頭郡恩納村恩納
555,9040403,沖縄県国頭郡恩納村喜瀬武原
556,9040404,沖縄県国頭郡恩納村瀬良垣
557,9040412,沖縄県国頭郡恩納村谷茶
558,9040415,沖縄県国頭郡恩納村仲泊
559,9040401,沖縄県国頭郡恩納村名嘉真
560,9040413,沖縄県国頭郡恩納村冨着
561,9040414,沖縄県国頭郡恩納村前兼久
562,9040417,沖縄県国頭郡恩納村真栄田
563,9040416,沖縄県国頭郡恩納村山田
564,9041300,沖縄県国頭郡宜野座村以下に掲載がない場合
565,9041304,沖縄県国頭郡宜野座村漢那
566,9041302,沖縄県国頭郡宜野座村宜野座
567,9041303,沖縄県国頭郡宜野座村惣慶
568,9041301,沖縄県国頭郡宜野座村松田
569,9041200,沖縄県国頭郡金武町以下に掲載がない場合
570,9041202,沖縄県国頭郡金武町伊芸
571,9041201,沖縄県国頭郡金武町金武
572,9041203,沖縄県国頭郡金武町屋嘉
573,9050500,沖縄県国頭郡伊江村以下に掲載がない場合
574,9050503,沖縄県国頭郡伊江村川平
575,9050505,沖縄県国頭郡伊江村西江上
576,9050504,沖縄県国頭郡伊江村西江前
577,9050501,沖縄県国頭郡伊江村東江上
578,9050502,沖縄県国頭郡伊江村東江前
579,9040300,沖縄県中頭郡読谷村以下に掲載がない場合
580,9040303,沖縄県中頭郡読谷村伊良皆
581,9040321,沖縄県中頭郡読谷村上地
582,9040328,沖縄県中頭郡読谷村宇座
583,9040316,沖縄県中頭郡読谷村大木
584,9040313,沖縄県中頭郡読谷村大湾
585,9040302,沖縄県中頭郡読谷村喜名
586,9040327,沖縄県中頭郡読谷村儀間
587,9040301,沖縄県中頭郡読谷村座喜味
588,9040325,沖縄県中頭郡読谷村瀬名波
589,9040304,沖縄県中頭郡読谷村楚辺
590,9040323,沖縄県中頭郡読谷村高志保
591,9040315,沖縄県中頭郡読谷村渡具知
592,9040326,沖縄県中頭郡読谷村渡慶次
593,9040305,沖縄県中頭郡読谷村都屋
594,9040324,沖縄県中頭郡読谷村長浜
595,9040322,沖縄県中頭郡読谷村波平
596,9040311,沖縄県中頭郡読谷村比謝
597,9040312,沖縄県中頭郡読谷村比謝矼
598,9040314,沖縄県中頭郡読谷村古堅
599,9040200,沖縄県中頭郡嘉手納町以下に掲載がない場合
600,9040203,沖縄県中頭郡嘉手納町嘉手納
601,9040205,沖縄県中頭郡嘉手納町兼久
602,9040201,沖縄県中頭郡嘉手納町久得
603,9040204,沖縄県中頭郡嘉手納町水釜
604,9040202,沖縄県中頭郡嘉手納町屋良
605,9040100,沖縄県中頭郡北谷町以下に掲載がない場合
606,9040102,沖縄県中頭郡北谷町伊平
607,9040107,沖縄県中頭郡北谷町大村
608,9040101,沖縄県中頭郡北谷町上勢頭
609,9040117,沖縄県中頭郡北谷町北前
610,9040103,沖縄県中頭郡北谷町桑江
611,9040111,沖縄県中頭郡北谷町砂辺
612,9040106,沖縄県中頭郡北谷町玉上
613,9040116,沖縄県中頭郡北谷町北谷
614,9040104,沖縄県中頭郡北谷町桃原
615,9040112,沖縄県中頭郡北谷町浜川
616,9040114,沖縄県中頭郡北谷町港
617,9040115,沖縄県中頭郡北谷町美浜
618,9040113,沖縄県中頭郡北谷町宮城
619,9040105,沖縄県中頭郡北谷町吉原
620,9012300,沖縄県中頭郡北中城村以下に掲載がない場合
621,9012316,沖縄県中頭郡北中城村安谷屋
622,9012313,沖縄県中頭郡北中城村熱田
623,9012314,沖縄県中頭郡北中城村大城
624,9012315,沖縄県中頭郡北中城村荻道
625,9012311,沖縄県中頭郡北中城村喜舎場
626,9012301,沖縄県中頭郡北中城村島袋
627,9012317,沖縄県中頭郡北中城村瑞慶覧
628,9012303,沖縄県中頭郡北中城村仲順
629,9012302,沖縄県中頭郡北中城村渡口
630,9012305,沖縄県中頭郡北中城村比嘉
631,9012321,沖縄県中頭郡北中城村美崎
632,9012304,沖縄県中頭郡北中城村屋宜原
633,9012306,沖縄県中頭郡北中城村ライカム
634,9012312,沖縄県中頭郡北中城村和仁屋
635,9012400,沖縄県中頭郡中城村以下に掲載がない場合
636,9012407,沖縄県中頭郡中城村安里
637,9012422,沖縄県中頭郡中城村新垣
638,9012403,沖縄県中頭郡中城村伊舎堂
639,9012417,沖縄県中頭郡中城村伊集
640,9012412,沖縄県中頭郡中城村奥間
641,9012423,沖縄県中頭郡中城村北上原
642,9012414,沖縄県中頭郡中城村北浜
643,9012401,沖縄県中頭郡中城村久場
644,9012404,沖縄県中頭郡中城村添石
645,9012413,沖縄県中頭郡中城村津覇
646,9012406,沖縄県中頭郡中城村当間
647,9012402,沖縄県中頭郡中城村泊
648,9012421,沖縄県中頭郡中城村登又
649,9012411,沖縄県中頭郡中城村浜
650,9012424,沖縄県中頭郡中城村南上原
651,9012415,沖縄県中頭郡中城村南浜
652,9012405,沖縄県中頭郡中城村屋宜
653,9012416,沖縄県中頭郡中城村和宇慶
654,9030100,沖縄県中頭郡西原町以下に掲載がない場合
655,9030105,沖縄県中頭郡西原町東崎
656,9030113,沖縄県中頭郡西原町安室
657,9030115,沖縄県中頭郡西原町池田
658,9030125,沖縄県中頭郡西原町上原
659,9030121,沖縄県中頭郡西原町内間
660,9030117,沖縄県中頭郡西原町翁長
661,9030103,沖縄県中頭郡西原町小那覇
662,9030101,沖縄県中頭郡西原町掛保久
663,9030112,沖縄県中頭郡西原町我謝
664,9030102,沖縄県中頭郡西原町嘉手苅
665,9030104,沖縄県中頭郡西原町兼久
666,9030116,沖縄県中頭郡西原町幸地
667,9030122,沖縄県中頭郡西原町小橋川
668,9030118,沖縄県中頭郡西原町小波津
669,9030124,沖縄県中頭郡西原町呉屋
670,9030129,沖縄県中頭郡西原町千原
671,9030126,沖縄県中頭郡西原町棚原
672,9030123,沖縄県中頭郡西原町津花波
673,9030114,沖縄県中頭郡西原町桃原
674,9030127,沖縄県中頭郡西原町徳佐田
675,9030128,沖縄県中頭郡西原町森川
676,9030111,沖縄県中頭郡西原町与那城
677,9011300,沖縄県島尻郡与那原町以下に掲載がない場合
678,9011304,沖縄県島尻郡与那原町東浜
679,9011301,沖縄県島尻郡与那原町板良敷
680,9011302,沖縄県島尻郡与那原町上与那原
681,9011303,沖縄県島尻郡与那原町与那原
682,9011100,沖縄県島尻郡南風原町以下に掲載がない場合
683,9011105,沖縄県島尻郡南風原町新川
684,9011101,沖縄県島尻郡南風原町大名
685,9011111,沖縄県島尻郡南風原町兼城
686,9011114,沖縄県島尻郡南風原町神里
687,9011113,沖縄県島尻郡南風原町喜屋武
688,9011117,沖縄県島尻郡南風原町津嘉山
689,9011116,沖縄県島尻郡南風原町照屋
690,9011102,沖縄県島尻郡南風原町宮城
691,9011104,沖縄県島尻郡南風原町宮平
692,9011112,沖縄県島尻郡南風原町本部
693,9011115,沖縄県島尻郡南風原町山川
694,9011103,沖縄県島尻郡南風原町与那覇
695,9013500,沖縄県島尻郡渡嘉敷村以下に掲載がない場合
696,9013502,沖縄県島尻郡渡嘉敷村阿波連
697,9013501,沖縄県島尻郡渡嘉敷村渡嘉敷
698,9013400,沖縄県島尻郡座間味村以下に掲載がない場合
699,9013311,沖縄県島尻郡座間味村阿嘉
700,9013401,沖縄県島尻郡座間味村阿佐
701,9013403,沖縄県島尻郡座間味村阿真
702,9013312,沖縄県島尻郡座間味村慶留間
703,9013402,沖縄県島尻郡座間味村座間味
704,9013700,沖縄県島尻郡粟国村以下に掲載がない場合
705,9013703,沖縄県島尻郡粟国村西
706,9013701,沖縄県島尻郡粟国村浜
707,9013702,沖縄県島尻郡粟国村東
708,9013601,沖縄県島尻郡渡名喜村渡名喜村一円
709,9013800,沖縄県島尻郡南大東村以下に掲載がない場合
710,9013806,沖縄県島尻郡南大東村池之沢
711,9013801,沖縄県島尻郡南大東村北
712,9013803,沖縄県島尻郡南大東村旧東
713,9013805,沖縄県島尻郡南大東村在所
714,9013802,沖縄県島尻郡南大東村新東
715,9013804,沖縄県島尻郡南大東村南
716,9013900,沖縄県島尻郡北大東村以下に掲載がない場合
717,9013902,沖縄県島尻郡北大東村中野
718,9013903,沖縄県島尻郡北大東村港
719,9013901,沖縄県島尻郡北大東村南
720,9050700,沖縄県島尻郡伊平屋村以下に掲載がない場合
721,9050703,沖縄県島尻郡伊平屋村我喜屋
722,9050704,沖縄県島尻郡伊平屋村島尻
723,9050701,沖縄県島尻郡伊平屋村田名
724,9050705,沖縄県島尻郡伊平屋村野甫
725,9050702,沖縄県島尻郡伊平屋村前泊
726,9050600,沖縄県島尻郡伊是名村以下に掲載がない場合
727,9050604,沖縄県島尻郡伊是名村伊是名
728,9050601,沖縄県島尻郡伊是名村内花
729,9050602,沖縄県島尻郡伊是名村諸見
730,9050605,沖縄県島尻郡伊是名村勢理客
731,9050603,沖縄県島尻郡伊是名村仲田
732,9013100,沖縄県島尻郡久米島町以下に掲載がない場合
733,9013103,沖縄県島尻郡久米島町阿嘉
734,9013101,沖縄県島尻郡久米島町宇江城
735,9013138,沖縄県島尻郡久米島町上江洲
736,9013105,沖縄県島尻郡久米島町宇根
737,9013106,沖縄県島尻郡久米島町奥武
738,9013123,沖縄県島尻郡久米島町大田
739,9013132,沖縄県島尻郡久米島町大原
740,9013121,沖縄県島尻郡久米島町嘉手苅
741,9013122,沖縄県島尻郡久米島町兼城
742,9013133,沖縄県島尻郡久米島町北原
743,9013115,沖縄県島尻郡久米島町儀間
744,9013134,沖縄県島尻郡久米島町具志川
745,9013114,沖縄県島尻郡久米島町島尻
746,9013107,沖縄県島尻郡久米島町謝名堂
747,9013113,沖縄県島尻郡久米島町銭田
748,9013125,沖縄県島尻郡久米島町鳥島
749,9013136,沖縄県島尻郡久米島町仲地
750,9013124,沖縄県島尻郡久米島町仲泊
751,9013135,沖縄県島尻郡久米島町仲村渠
752,9013131,沖縄県島尻郡久米島町西銘
753,9013108,沖縄県島尻郡久米島町比嘉
754,9013102,沖縄県島尻郡久米島町比屋定
755,9013112,沖縄県島尻郡久米島町真我里
756,9013104,沖縄県島尻郡久米島町真謝
757,9013111,沖縄県島尻郡久米島町山城
758,9013137,沖縄県島尻郡久米島町山里
759,9010400,沖縄県島尻郡八重瀬町以下に掲載がない場合
760,9010514,沖縄県島尻郡八重瀬町安里
761,9010503,沖縄県島尻郡八重瀬町新城
762,9010405,沖縄県島尻郡八重瀬町伊覇
763,9010412,沖縄県島尻郡八重瀬町上田原
764,9010502,沖縄県島尻郡八重瀬町大頓
765,9010416,沖縄県島尻郡八重瀬町宜次
766,9010512,沖縄県島尻郡八重瀬町具志頭
767,9010415,沖縄県島尻郡八重瀬町小城
768,9010504,沖縄県島尻郡八重瀬町後原
769,9010401,沖縄県島尻郡八重瀬町東風平
770,9010413,沖縄県島尻郡八重瀬町志多伯
771,9010404,沖縄県島尻郡八重瀬町高良
772,9010414,沖縄県島尻郡八重瀬町当銘
773,9010411,沖縄県島尻郡八重瀬町友寄
774,9010402,沖縄県島尻郡八重瀬町富盛
775,9010516,沖縄県島尻郡八重瀬町仲座
776,9010501,沖縄県島尻郡八重瀬町長毛
777,9010513,沖縄県島尻郡八重瀬町玻名城
778,9010417,沖縄県島尻郡八重瀬町外間
779,9010511,沖縄県島尻郡八重瀬町港川
780,9010406,沖縄県島尻郡八重瀬町屋宜原
781,9010515,沖縄県島尻郡八重瀬町与座
782,9010403,沖縄県島尻郡八重瀬町世名城
783,9060600,沖縄県宮古郡多良間村以下に掲載がない場合
784,9060601,沖縄県宮古郡多良間村塩川
785,9060602,沖縄県宮古郡多良間村仲筋
786,9060603,沖縄県宮古郡多良間村水納
787,9070000,沖縄県八重山郡竹富町以下に掲載がない場合
788,9071435,沖縄県八重山郡竹富町新城
789,9071542,沖縄県八重山郡竹富町西表
790,9071541,沖縄県八重山郡竹富町上原
791,9071311,沖縄県八重山郡竹富町黒島
792,9071221,沖縄県八重山郡竹富町小浜
793,9071432,沖縄県八重山郡竹富町古見
794,9071543,沖縄県八重山郡竹富町崎山
795,9071431,沖縄県八重山郡竹富町高那
796,9071101,沖縄県八重山郡竹富町竹富
797,9071434,沖縄県八重山郡竹富町南風見
798,9071433,沖縄県八重山郡竹富町南風見仲
799,9071751,沖縄県八重山郡竹富町波照間
800,9071544,沖縄県八重山郡竹富町鳩間
801,9071800,沖縄県八重山郡与那国町以下に掲載がない場合
802,9071801,沖縄県八重山郡与那国町与那国
